{
  "account" : "/Compute-gse00011740/default",
  "description" : "",
  "tags" : [ ],
  "name" : "/Compute-gse00011740/cloud.admin/DC1",
  "objects" : [ {
    "account" : "/Compute-gse00011740/default",
    "desired_state" : "inherit",
    "description" : "",
    "persistent" : true,
    "template" : {
      "networking" : {
        "eth1" : {
          "vnic" : "/Compute-gse00011740/cloud.admin/DC1_eth1",
          "ip" : "192.168.100.2",
          "ipnetwork" : "/Compute-gse00011740/cloud.admin/MSSQL_IPNetwork"
        },
        "eth0" : {
          "seclists" : [ "/Compute-gse00011740/cloud.admin/MSSQL" ],
          "nat" : "ipreservation:/Compute-gse00011740/cloud.admin/DC1",
          "dns" : [ "dc1" ]
        }
      },
      "name" : "/Compute-gse00011740/cloud.admin/DC1",
      "storage_attachments" : [ {
        "volume" : "/Compute-gse00011740/cloud.admin/DC1_boot",
        "index" : 1
      } ],
      "boot_order" : [ 1 ],
      "hostname" : "dc1",
      "label" : "DC1",
      "shape" : "oc4",
      "attributes" : {
        "userdata" : {
          "enable_rdp" : true,
          "administrator_password" : "test"
        }
      },
      "imagelist" : "/Compute-gse00011740/cloud.admin/Microsoft_Windows_Server_2012_R2-18.1.2-20180110-070846"
    },
    "label" : "DC1_instance",
    "orchestration" : "/Compute-gse00011740/cloud.admin/DC1",
    "type" : "Instance",
    "name" : "/Compute-gse00011740/cloud.admin/DC1/instance"
  } ],
  "desired_state" : "active"
}