{
  "account" : "/Compute-gse00011740/default",
  "description" : "",
  "tags" : [ ],
  "name" : "/Compute-gse00011740/cloud.admin/SQL1",
  "objects" : [ {
    "account" : "/Compute-gse00011740/default",
    "desired_state" : "inherit",
    "description" : "",
    "persistent" : true,
    "template" : {
      "networking" : {
        "eth0" : {
          "vnic" : "/Compute-gse00011740/cloud.admin/SQL1_eth0",
          "ip" : "192.168.100.3",
          "ipnetwork" : "/Compute-gse00011740/cloud.admin/MSSQL_IPNetwork",
	  "nat" : [ "network/v1/ipreservation:/Compute-gse00011740/cloud.admin/SQL1" ],
          "is_default_gateway" : true
        }
      },
      "name" : "/Compute-gse00011740/cloud.admin/SQL1",
      "storage_attachments" : [ {
        "volume" : "/Compute-gse00011740/cloud.admin/SQL1_boot",
        "index" : 1
      } ],
      "boot_order" : [ 1 ],
      "hostname" : "sql1",
      "label" : "SQL1",
      "shape" : "oc4",
      "attributes" : {
        "userdata" : {
          "enable_rdp" : true,
          "administrator_password" : "test"
        }
      },
      "imagelist" : "/Compute-gse00011740/cloud.admin/Microsoft_Windows_Server_2012_R2-18.1.2-20180110-070846"
    },
    "label" : "SQL1_instance",
    "orchestration" : "/Compute-gse00011740/cloud.admin/SQL1",
    "type" : "Instance",
    "name" : "/Compute-gse00011740/cloud.admin/SQL1/instance"
  } ],
  "desired_state" : "active"
}