<?xml version="1.0" encoding="UTF-8"?>
<!--  IBM Confidential                                                       -->
<!--  OCO Source Materials                                                   -->
<!--  5724-E34,5724-W93                                                               -->
<!--  Copyright IBM Corporation 2007, 2009.                                  -->
<!--  All rights reserved.                                                   -->
<!--                                                                         -->
<!--  The source code for this program is not published or otherwise         -->
<!--  divested of its trade secrets, irrespective of what has been           -->
<!--  deposited with the U.S. Copyright Office.                              -->
<!--  Data Studio 2.1 installer prereq checking -->

<prereq_root>
	<prereqs id="osprereqs">
	    <platform id="WINDOWS">
			<prereq id="Windows Server 2008 R2" class="com.ibm.ds.ia.install.util.prereq.osprereq.tools.CheckingOSName">
				<param name="arch" value="x86;em64t;amd64;intel64|x86;x86-64" class="com.ibm.ds.ia.install.util.prereq.osprereq.tools.CheckingArch"/>
				<param name="version" value="=6.1" class="com.ibm.ds.ia.install.util.prereq.osprereq.tools.CheckingOSVersion"/>				
			</prereq>
 
			<prereq id="Windows Server 2012" class="com.ibm.ds.ia.install.util.prereq.osprereq.tools.CheckingOSName">
				<param name="arch" value="x86;em64t;amd64;intel64|x86;x86-64" class="com.ibm.ds.ia.install.util.prereq.osprereq.tools.CheckingArch"/>
				<param name="version" value="=6.2" class="com.ibm.ds.ia.install.util.prereq.osprereq.tools.CheckingOSVersion"/>				
			</prereq>

	    </platform>
	    
	    <platform id="LINUX">
	    	<prereq id="SUSE Linux Enterprise Server" class="com.ibm.ds.ia.install.util.prereq.osprereq.tools.CheckingOSName">
	                <param name="arch" value="x86_64|x86-64" class="com.ibm.ds.ia.install.util.prereq.osprereq.tools.CheckingArch"/>
	                <param name="version" value="=10" class="com.ibm.ds.ia.install.util.prereq.osprereq.tools.CheckingOSVersion"/>
 	                <param name="patch" value="SP;4;SP4" class="com.ibm.ds.ia.install.util.prereq.osprereq.tools.CheckingOSPatch"/>
 
 	                
	        </prereq>
	        <prereq id="SUSE Linux Enterprise Server" class="com.ibm.ds.ia.install.util.prereq.osprereq.tools.CheckingOSName">
	                <param name="arch" value="x86_64|x86-64" class="com.ibm.ds.ia.install.util.prereq.osprereq.tools.CheckingArch"/>
	                <param name="version" value="=11" class="com.ibm.ds.ia.install.util.prereq.osprereq.tools.CheckingOSVersion"/>
 
	                <param name="patch" value="SP;2;SP2" class="com.ibm.ds.ia.install.util.prereq.osprereq.tools.CheckingOSPatch"/>
 
	        </prereq>
			<prereq id="Red Hat Enterprise Linux" class="com.ibm.ds.ia.install.util.prereq.osprereq.tools.CheckingOSName">
	                <param name="arch" value="x86_64|x86-64" class="com.ibm.ds.ia.install.util.prereq.osprereq.tools.CheckingArch"/>
	                <param name="version" value="&gt;=5;&lt;6" class="com.ibm.ds.ia.install.util.prereq.osprereq.tools.CheckingOSVersion"/> 
	                <param name="patch" value="Update;9;Update 9" class="com.ibm.ds.ia.install.util.prereq.osprereq.tools.CheckingOSPatch"/>    
        	</prereq>
			<prereq id="Red Hat Enterprise Linux" class="com.ibm.ds.ia.install.util.prereq.osprereq.tools.CheckingOSName">
	                <param name="arch" value="x86_64|x86-64" class="com.ibm.ds.ia.install.util.prereq.osprereq.tools.CheckingArch"/>
	                <param name="version" value="&gt;=6;&lt;7" class="com.ibm.ds.ia.install.util.prereq.osprereq.tools.CheckingOSVersion"/>
	                <param name="patch" value="Update;1;Update 1" class="com.ibm.ds.ia.install.util.prereq.osprereq.tools.CheckingOSPatch"/> 
        	</prereq>
        </platform>
        
        <platform id="AIX">
			<prereq id="AIX" class="com.ibm.ds.ia.install.util.prereq.osprereq.tools.CheckingOSName">
				<param name="arch" value="ppc64|PowerPC 64bits" class="com.ibm.ds.ia.install.util.prereq.osprereq.tools.CheckingArch"/>
				<param name="version" value="=6.1" class="com.ibm.ds.ia.install.util.prereq.osprereq.tools.CheckingOSVersion"/>
				<param name="patch" value="6100-02;6100-02;Technology Level 2" class="com.ibm.ds.ia.install.util.prereq.osprereq.tools.CheckingOSPatch"/>		
				<param name="patch" value="xlC.rte;9.0.0.8;xlC.rte 9.0.0.8 (or later)" class="com.ibm.ds.ia.install.util.prereq.osprereq.tools.CheckingOSPatch"/>
				<param name="patch" value="xlC.aix61.rte;9.0.0.8;xlC.aix61.rte 9.0.0.8 (or later)" class="com.ibm.ds.ia.install.util.prereq.osprereq.tools.CheckingOSPatch"/>
			</prereq>
			<prereq id="AIX" class="com.ibm.ds.ia.install.util.prereq.osprereq.tools.CheckingOSName">
				<param name="arch" value="ppc64|PowerPC 64bits" class="com.ibm.ds.ia.install.util.prereq.osprereq.tools.CheckingArch"/>
				<param name="version" value="=7.1" class="com.ibm.ds.ia.install.util.prereq.osprereq.tools.CheckingOSVersion"/>
			</prereq>
        </platform>
	    
        <platform id="SOLARIS">
	    	<prereq id="SunOS" class="com.ibm.ds.ia.install.util.prereq.osprereq.tools.CheckingOSName">
	                <param name="arch" value="sparc;sparcv9|SPARC 64bits" class="com.ibm.ds.ia.install.util.prereq.osprereq.tools.CheckingArch"/>
	                <param name="version" value="=5.10" class="com.ibm.ds.ia.install.util.prereq.osprereq.tools.CheckingOSVersion"/>
	                <param name="patch" value="127127-11;127127-11;Update 10" class="com.ibm.ds.ia.install.util.prereq.osprereq.tools.CheckingOSPatch"/>
        	</prereq>
	    </platform>
	    <platform id="SOLARIS">
	    	<prereq id="SunOS" class="com.ibm.ds.ia.install.util.prereq.osprereq.tools.CheckingOSName">
	                <param name="arch" value="sparc;sparcv9|SPARC 64bits" class="com.ibm.ds.ia.install.util.prereq.osprereq.tools.CheckingArch"/>
	                <param name="version" value="=5.11" class="com.ibm.ds.ia.install.util.prereq.osprereq.tools.CheckingOSVersion"/>
        	</prereq>
	    </platform>
	    <platform id="HP">
	    	<prereq id="HP-UX" class="com.ibm.ds.ia.install.util.prereq.osprereq.tools.CheckingOSName">
	                <param name="arch" value="ia64|Intel Itanium" class="com.ibm.ds.ia.install.util.prereq.osprereq.tools.CheckingArch"/>
	                <param name="version" value="=B.11.31|11i v3" class="com.ibm.ds.ia.install.util.prereq.osprereq.tools.CheckingOSVersion"/>
	                <param name="patch" value="PHSS_37202;PHSS_37202;linker + fdp cumulative patch" class="com.ibm.ds.ia.install.util.prereq.osprereq.tools.CheckingOSPatch"/>
	                <param name="patch" value="PHKL_41481;PHKL_41481;scheduler cumulative patch" class="com.ibm.ds.ia.install.util.prereq.osprereq.tools.CheckingOSPatch"/>
	                <param name="patch" value="PHKL_42035;PHKL_42035;pm_usync cumulative patch" class="com.ibm.ds.ia.install.util.prereq.osprereq.tools.CheckingOSPatch"/>
	                <param name="patch" value="PHKL_42335;PHKL_42335;system call infrastructure cumulative patch" class="com.ibm.ds.ia.install.util.prereq.osprereq.tools.CheckingOSPatch"/>
	                <param name="patch" value="PHKL_41588;PHKL_41588;vm cumulative patch" class="com.ibm.ds.ia.install.util.prereq.osprereq.tools.CheckingOSPatch"/>
        	</prereq>
	    </platform>
	</prereqs>
	
	<prereqs id="privilegeprereqs">
		<prereq id="Administrator Privilege" class="com.ibm.ds.ia.install.util.prereq.osprereq.tools.CheckingAdministratorPrivilege"/>
	</prereqs>
</prereq_root>