<?xml version="1.0" encoding="UTF-8"?>
<!--  IBM Confidential                                                       -->
<!--  OCO Source Materials                                                   -->
<!--  5724-E34,5724-W93                                                               -->
<!--  Copyright IBM Corporation 2007, 2009.                                  -->
<!--  All rights reserved.                                                   -->
<!--                                                                         -->
<!--  The source code for this program is not published or otherwise         -->
<!--  divested of its trade secrets, irrespective of what has been           -->
<!--  deposited with the U.S. Copyright Office.                              -->
<!--  Data Studio 2.1 installer prereq checking -->
 
<prereq_root>
	<prereqs id="osprereqs">
	    <platform id="WINDOWS">
 			
			<prereq id="Windows 7" class="com.ibm.ds.ia.install.util.prereq.osprereq.tools.CheckingOSName">
				<param name="arch" value="x86;em64t;amd64;intel64|x86;x86-64" class="com.ibm.ds.ia.install.util.prereq.osprereq.tools.CheckingArch"/>
				<param name="version" value="=6.1" class="com.ibm.ds.ia.install.util.prereq.osprereq.tools.CheckingOSVersion"/>
			</prereq>
 
			<prereq id="Windows 8" class="com.ibm.ds.ia.install.util.prereq.osprereq.tools.CheckingOSName">
				<param name="arch" value="x86;em64t;amd64;intel64|x86;x86-64" class="com.ibm.ds.ia.install.util.prereq.osprereq.tools.CheckingArch"/>
				<param name="version" value="=6.2" class="com.ibm.ds.ia.install.util.prereq.osprereq.tools.CheckingOSVersion"/>
			</prereq>

	    </platform>
	    
	    <platform id="LINUX">
	    	<prereq id="SUSE Linux Enterprise Server" class="com.ibm.ds.ia.install.util.prereq.osprereq.tools.CheckingOSName">
	                <param name="arch" value="x86;i686;i586;i486;i386|x86 32bits" class="com.ibm.ds.ia.install.util.prereq.osprereq.tools.CheckingArch"/>
	                <param name="version" value="=10" class="com.ibm.ds.ia.install.util.prereq.osprereq.tools.CheckingOSVersion"/>
	                <param name="patch" value="SP;4;SP4" class="com.ibm.ds.ia.install.util.prereq.osprereq.tools.CheckingOSPatch"/>
	        </prereq>
	        <prereq id="SUSE Linux Enterprise Server" class="com.ibm.ds.ia.install.util.prereq.osprereq.tools.CheckingOSName">
	                <param name="arch" value="x86;i686;i586;i486;i386|x86 32bits" class="com.ibm.ds.ia.install.util.prereq.osprereq.tools.CheckingArch"/>
	                <param name="version" value="=11" class="com.ibm.ds.ia.install.util.prereq.osprereq.tools.CheckingOSVersion"/> 
	                <param name="patch" value="SP;2;SP2" class="com.ibm.ds.ia.install.util.prereq.osprereq.tools.CheckingOSPatch"/>
 
	        </prereq>
 
	         <prereq id="Red Hat Enterprise Linux" class="com.ibm.ds.ia.install.util.prereq.osprereq.tools.CheckingOSName">
	                <param name="arch" value="x86;i686;i586;i486;i386|x86 32bits" class="com.ibm.ds.ia.install.util.prereq.osprereq.tools.CheckingArch"/>
	                <param name="version" value="&gt;=5;&lt;6" class="com.ibm.ds.ia.install.util.prereq.osprereq.tools.CheckingOSVersion"/> 
	                <param name="patch" value="Update;9;Update 9" class="com.ibm.ds.ia.install.util.prereq.osprereq.tools.CheckingOSPatch"/>    
        	</prereq>
	    	<prereq id="Red Hat Enterprise Linux" class="com.ibm.ds.ia.install.util.prereq.osprereq.tools.CheckingOSName">
	                <param name="arch" value="x86;i686;i586;i486;i386|x86 32bits" class="com.ibm.ds.ia.install.util.prereq.osprereq.tools.CheckingArch"/>
	                <param name="version" value="&gt;=6;&lt;7" class="com.ibm.ds.ia.install.util.prereq.osprereq.tools.CheckingOSVersion"/> 
	                <param name="patch" value="Update;1;Update 1" class="com.ibm.ds.ia.install.util.prereq.osprereq.tools.CheckingOSPatch"/>
        	</prereq>
        </platform>
	</prereqs>

	<prereqs id="privilegeprereqs">
		<prereq id="Check Administrator Privilege or Elevated Privileges" class="com.ibm.ds.ia.install.util.prereq.osprereq.tools.CheckingEPORAdmin"/>
		<prereq id="Write Permission for RegKey" class="com.ibm.ds.ia.install.util.prereq.osprereq.tools.CheckingRegKeyWritable"/>
	</prereqs>
</prereq_root>